"id","name_ar","name_en","name_ru","image","order","visible"
"c_smoked","لحوم مدخنة","Smoked meats","копчености","https://drive.google.com/file/d/1651orP8r_UMRjMh4lGLAaYL-ycWCbDZ8/view?usp=sharing","1","TRUE"
"c_pieces","قطع مدخنة","Smoked Pieces","Копчёная ветчина","https://drive.google.com/file/d/1ollqWzwUK56kV-Xvj7xN8H8SMhbrFE4D/view?usp=sharing","2","TRUE"
"c_salami","سلامي مدخن","Smoked Salami","Копчёные сервелаты","https://drive.google.com/file/d/1Cq6CvH-GafAtCXKVML7ExXm7J2Rn6xMP/view?usp=sharing","3","TRUE"
"c_sausage","سجق مدخن","Smoked Sausages","Копчёные колбасы","https://drive.google.com/file/d/1XeWyeR-yYiZ-FMj1lkM3zglZ2PyR6sNT/view?usp=sharing","4","TRUE"
"c_sausage Shish","سجق مدخن شيش","Smoked Shish Sausage","охотничьи колбаски","https://drive.google.com/file/d/1dcc2hGNV3hnjiBp243Tvcw7Bf_GNG3Rx/view?usp=sharing","5","TRUE"
"c_hotdog","سوسيس","Hot Dogs","Сосиски","https://drive.google.com/file/d/1Poaxjuk7t-HCyKi2JolNuRaThEGVega2/view","6","TRUE"
"c_boiled_pieces","قطع مسلوقة","Boiled Pieces","Ветчина вареная","https://drive.google.com/file/d/1AJ2GaAhewlmbvmEsi0o1Ib-9xUMvlz9t/view?usp=sharing","7","TRUE"
"c_franks","نقانق مسلوق","Boiled Franks","Варёные колбасы","https://drive.google.com/file/d/19ESHAgBy2T37iRURhpB2xI34KmSDac0V/view?usp=sharing","8","TRUE"
"c_fish","الأسماك","Fish","Рыба","https://drive.google.com/file/d/1v8yHL-M2sJNzTB6bCwYjvNTwRRbaV-Wx/view?usp=sharing","9","TRUE"
"c_frozen","المنتجات المجمدة","Frozen Products","Замороженные продукты","https://drive.google.com/file/d/1CxT6d_-XpoVo9-KfDlgQHm5BO6xjNzJE/view?usp=sharing","10","TRUE"