"id","category_id","name_ar","name_en","name_ru","desc_ar","desc_en","desc_ru","price_per_kg","price_half_kg","price_quarter_kg","old_price_per_kg","image","badge","halal","natural","soy_free","keto","available","order"
"i01","c_pieces","قطعة الفراخ المدخن","Smoked Chicken Piece","""Семейная"" ветчина куриная копченая","","","","590","295","148","649","smoked-chicken-piece.webp","offer","TRUE","TRUE","TRUE","TRUE","TRUE","1"
"i02","c_pieces","قطعة رومي مدخن","Smoked Turkey Piece","""Чайная"" Ветчина индейки копченая","","","","650","325","163","","smoked-turkey-piece.webp","","TRUE","TRUE","TRUE","TRUE","TRUE","2"
"i03","c_pieces","قطعة البقري المدخن","Smoked Beef Piece","""Башкирская"" ветчина говяжья копченая","","","","790","395","198","869","smoked-beef-piece.webp","offer","TRUE","TRUE","TRUE","TRUE","TRUE","3"
"i04","c_pieces","قطعة الجمل المدخن","Smoked Camel Piece","""Арабская"" Ветчина верблюжья копченая","","","","690","345","173","","smoked-camel-piece.webp","popular","TRUE","TRUE","TRUE","TRUE","TRUE","4"
"i05","c_salami","سلامي البقري المدخن","Smoked Beef Salami","""Восточный"" сервелат говяжий копченый","","","","640","320","160","","smoked-beef-salami.webp","new","TRUE","TRUE","TRUE","TRUE","TRUE","1"
"i06","c_salami","سلامي رومي مدخن","Smoked Turkey Salami","""Турецкий"" сервелат индейки копченый","","","","590","295","148","","smoked-turkey-salami.webp","","TRUE","TRUE","TRUE","TRUE","TRUE","2"
"i07","c_salami","سلامي خروف مدخن","Smoked Lamb Salami","""Кавказский"" сервелат бараний копчёный","","","","700","350","175","","smoked-lamb-salami.webp","","TRUE","TRUE","TRUE","TRUE","TRUE","3"
"i08","c_salami","سلامي الفراخ المدخن","Smoked Chicken Salami","""Андижанский"" сервелат куриный копченый","","","","550","275","138","","smoked-chicken-salami.webp","","TRUE","TRUE","TRUE","TRUE","TRUE","4"
"i09","c_salami","سلامي الجمل المدخن","Smoked Camel Salami","""Казахский"" сервелат верблюжий копченый","","","","590","295","148","","smoked-camel-salami.webp","","TRUE","TRUE","TRUE","TRUE","TRUE","5"
"i10","c_sausage","سجق البقري المدخن","Smoked Beef Sausage","""Краковская"" колбаса говяжья копченая","","","","670","335","168","","smoked-beef-sausage.webp","","TRUE","TRUE","TRUE","TRUE","TRUE","1"
"i11","c_sausage","سجق رومي مدخن","Smoked Turkey Sausage","""Казанская"" колбаса индейки копченая","","","","510","255","128","","smoked-turkey-sausage.webp","","TRUE","TRUE","TRUE","TRUE","TRUE","2"
"i12","c_sausage","سجق الفراخ المدخن","Smoked Chicken Sausage","""Уфимская"" колбаса куриная копченая","","","","510","255","128","","smoked-chicken-sausage.webp","","TRUE","TRUE","TRUE","TRUE","TRUE","3"
"i13","c_franks","نقانق البقري مسلوق","Boiled Beef Franks","""Ферганская"" колбаса говяжья вареная","","","","620","310","155","","boiled-beef-franks.webp","","TRUE","TRUE","TRUE","TRUE","TRUE","1"
"i14","c_franks","نقانق الفراخ مسلوق","Boiled Chicken Franks","""Фермерская"" колбаса куриная вареная","","","","490","245","123","","boiled-chicken-franks.webp","","TRUE","TRUE","TRUE","TRUE","TRUE","2"
"i15","c_franks","نقانق رومي مسلوق","Boiled Turkey Franks","""Пикантная"" Колбаса индейки вареная","","","","510","255","128","","boiled-turkey-franks.webp","","TRUE","TRUE","TRUE","TRUE","TRUE","3"
"i16","c_franks","لانشون فراخ","Chicken Luncheon","""столовая"" колбаса куриная вареная","","","","470","235","118","","chicken-luncheon.webp","","TRUE","TRUE","TRUE","TRUE","TRUE","4"
"i17","c_franks","لانشون بقري","Beef Luncheon","""албанская"" колбаса говяжья вареная","","","","590","295","148","","beef-luncheon.webp","","TRUE","TRUE","TRUE","TRUE","TRUE","5"
"i18","c_hotdog","سوسيس الفراخ","Chicken Hot Dog","""Детские"" сосиски куриные","","","","490","245","123","","chicken-hot-dog.webp","","TRUE","TRUE","TRUE","TRUE","TRUE","1"
"i19","c_hotdog","سوسيس الفراخ لبني","Milky Chicken Hot Dog","""Молочные"" сосиски куриные","","","","480","240","120","","milky-chicken-hot-dog.webp","","TRUE","TRUE","TRUE","TRUE","TRUE","2"
"i20","c_hotdog","سوسيس رومي","Turkey Hot Dog","""Деликатные"" сосиски индейки","","","","550","275","138","","turkey-hot-dog.webp","","TRUE","TRUE","TRUE","TRUE","TRUE","3"
"i21","c_hotdog","سوسيس البقري","Beef Hot Dog","""Мясные"" сосиски говяжьи","","","","590","295","148","","beef-hot-dog.webp","","TRUE","TRUE","TRUE","TRUE","TRUE","4"
"i22","c_smoked","صدور فراخ مدخن","Smoked Chicken Breast","куриная грудка копченая","","","","580","290","145","","smoked-chicken-breast.webp","","TRUE","TRUE","TRUE","TRUE","TRUE","5"
"i23","c_smoked","دبوس ديك رومي","Smoked Turkey Drumstick"," голень индейки копченая","","","","590","295","148","","smoked-turkey-drumstick.webp","","TRUE","TRUE","TRUE","TRUE","TRUE","6"
"i24","c_boiled_pieces","قطع بقري مسلوق","Boiled Beef Pieces","""бухарская"" ветчина говяжья вареная","","","","720","360","180","","boiled-beef-pieces.webp","","TRUE","TRUE","TRUE","TRUE","TRUE","1"
"i25","c_boiled_pieces","قطع فراخ مسلوق","Boiled Chicken Pieces","""Азиатская"" ветчина куриная вареная","","","","540","270","135","","boiled-chicken-pieces.webp","","TRUE","TRUE","TRUE","TRUE","TRUE","2"
"i26","c_boiled_pieces","قطعه جملي مسلوق","Boiled Camel Piece","""Алматинская"" ветчина верблюжья вареная","","","","670","335","168","","boiled-camel-piece.webp","","TRUE","TRUE","TRUE","TRUE","TRUE","3"
"i27","c_boiled_pieces","قطع رومي مسلوق","Boiled Turkey Pieces","""татарская"" ветчина индейки вареная","","","","590","295","148","","boiled-turkey-pieces.webp","","TRUE","TRUE","TRUE","TRUE","TRUE","4"
"i28","c_fish","سلامي سمك","Fish Salami"," сервелат рыбный копченый","","","","530","265","133","","fish-salami.webp","new","TRUE","TRUE","TRUE","TRUE","TRUE","6"
"i29","c_pieces","لية خروف مدخنة","Smoked Lamb Fat","курдюк бараний копченый","","","","690","345","173","","smoked-lamb-fat.webp","","TRUE","TRUE","TRUE","TRUE","TRUE","7"
"i30","c_sausage Shish","سجق بقري مدخن شيش","Beef Sausage Mesh","""шашлычные""  говяжьи копченые","","","","900","450","225","","beef-sausage-mesh.webp","","TRUE","TRUE","TRUE","TRUE","TRUE","1"
"i31","c_sausage Shish","سجق فراخ مدخن شيش","Smoked Chicken Shish Sausage","походные куриные копченые","","","","650","325","163","","","popular","TRUE","TRUE","TRUE","TRUE","TRUE","2"
"i32","c_sausage Shish","سجق جملي مدخن شيش","Smoked Camel Shish Sausage","султанские верблюжьи копченые","","","","850","425","213","","","new","TRUE","TRUE","TRUE","TRUE","TRUE","3"
"i33","c_sausage Shish","سجق رومي مدخن شيش","Smoked Turkey Shish Sausage","караванные индейки копченые","","","","760","380","190","","","new","TRUE","TRUE","TRUE","TRUE","TRUE","4"