"key","value","note"
"brand_name_ar","الفائدة",""
"brand_name_en","Al-Faida",""
"brand_name_ru","Фаида",""
"tagline_ar","وصفات روسية.. صُنعت في مصر","الشعار اللفظي غير نهائي، عدّله من هنا"
"tagline_en","Russian Recipes • Made in Egypt","الشعار اللفظي غير نهائي، عدّله من هنا"
"tagline_ru","Русские рецепты • Сделано в Египте","الشعار اللفظي غير نهائي، عدّله من هنا"
"logo_file","https://drive.google.com/file/d/1OW514CcEpMw3sMovOZqygsCMQqO7o8M8/view?usp=","الشعار الرسمي يترفع في الريبو"
"color_navy","#0A192F","من دليل الهوية"
"color_red","#8B0000","من دليل الهوية"
"color_gold","#D4AF37","من دليل الهوية"
"color_cream","#F8F5F0","من دليل الهوية"
"color_white","#FFFFFF","من دليل الهوية"
"phone_1","01043460317",""
"phone_2","01043460319",""
"whatsapp_1","201043460317","بصيغة دولية بدون + أو صفر"
"whatsapp_2","201043460319","بصيغة دولية بدون + أو صفر"
"whatsapp_msg_ar","مرحبًا، أريد الطلب من منيو الفائدة",""
"whatsapp_msg_en","Hello, I'd like to order from the Al-Faida menu",""
"whatsapp_msg_ru","Здравствуйте, хочу сделать заказ из меню «Фаида»",""
"address_ar","مصر، القاهرة، مدينة نصر، المنطقة التاسعة، شارع محمد حسن (متفرع من الصواف)",""
"address_en","Mohamed Hassan St. (off El-Sawaf), 9th District, Nasr City, Cairo, Egypt",""
"address_ru","Египет, Каир, Наср-Сити, 9-й район, ул. Мохамед Хасан (ответвление от ас-Саваф)",""
"maps_url","https://maps.app.goo.gl/Z87ypXnpPKf3V7Y49","من ملف الكابشن"
"hours_ar","","اكتب مواعيد العمل"
"hours_en","","Opening hours"
"hours_ru","","Часы работы"
"currency_ar","ج.م",""
"currency_en","EGP",""
"currency_ru","EGP","لسه محتاج قرار: عملة تانية للروسي؟"
"default_language","ar","ar / en / ru"
"domain","","بعد ما نربط الدومين"
"meta_pixel_id","1421468073411111",""