"id","type","name_ar","name_en","name_ru","url","icon","show","featured","order"
"facebook","follow us","فيسبوك","Facebook","Facebook","https://www.facebook.com/alfaida.foods","facebook","TRUE","TRUE","1"
"facebook_group","community","جروب فيسبوك","Facebook Group","Группа Facebook","https://www.facebook.com/groups/1810885239791823","users","TRUE","TRUE","2"
"instagram","follow us","إنستجرام","Instagram","Instagram","https://www.instagram.com/alfaida.foods","instagram","TRUE","TRUE","3"
"threads","follow us","ثريدز","Threads","Threads","https://www.threads.com/@alfaida.foods","threads","TRUE","TRUE","4"
"location","Contact us","موقعنا على الخريطة","Our Location","Мы на карте","https://maps.app.goo.gl/Z87ypXnpPKf3V7Y49","map-pin","TRUE","TRUE","5"
"wa_business_1","Contact us","واتساب الطلبات","WhatsApp Orders","WhatsApp: заказы","https://wa.me/201043460317","whatsapp","TRUE","TRUE","6"
"wa_business_2","Contact us","واتساب الفرع 2","WhatsApp Branch 2","WhatsApp: филиал 2","https://wa.me/201043460319","whatsapp","TRUE","FALSE","7"
"wa_groups","community","جروبات واتساب","WhatsApp Groups","Группы WhatsApp","","whatsapp groups","TRUE","TRUE","8"
"wa_community","community","مجتمع واتساب","WhatsApp Community","Сообщество WhatsApp","
https://whatsapp.com/channel/0029VbEHHV0FXUuRfiHAc809","whatsapp community","TRUE","TRUE","9"
"x","follow us","X (تويتر)","X (Twitter)","X (Twitter)","","x","FALSE","FALSE","10"
"tiktok","follow us","تيك توك","TikTok","TikTok","https://www.tiktok.com/@alfaida.foods","tiktok","TRUE","TRUE","11"
"telegram","community","تيليجرام","Telegram","Telegram","https://t.me/al_faida_misr/12","telegram channels","TRUE","TRUE","12"
"linkedin","follow us","لينكدإن","LinkedIn","LinkedIn","https://www.linkedin.com/company/alfaidafoods/","linkedin","TRUE","TRUE","13"
"youtube","follow us","يوتيوب","YouTube","YouTube","https://www.youtube.com/channel/UC0Aw7MrlqN38mF7EY7bybRg","youtube","TRUE","TRUE","14"