"key","ar","en","ru"
"nav_menu","المنيو","Menu","Меню"
"nav_occasions","المناسبات","Occasions","Поводы"
"nav_story","قصتنا","Our Story","О нас"
"nav_location","موقعنا","Find Us","Где нас найти"
"hero_since","منذ 2023","Since 2023","С 2023 года"
"search_placeholder","ابحث عن منتج…","Search products…","Поиск продуктов…"
"filter_all","الكل","All","Все"
"filter_halal","حلال","Halal","Халяль"
"filter_natural","طبيعي 100%","100% Natural","100% натурально"
"filter_soy_free","بدون صويا","Soy-Free","Без сои"
"filter_keto","كيتو دايت","Keto-Friendly","Кето"
"price_kg","للكيلو","per kg","per kg"
"price_half","نص كيلو","½ kg","½ кг"
"price_quarter","ربع كيلو","¼ kg","¼ кг"
"price_soon","السعر قريبًا","Price coming soon","Цена скоро"
"badge_new","جديد","New","Новинка"
"badge_popular","الأكثر طلبًا","Best Seller","Хит продаж"
"badge_offer","لفترة محدودة","Offer","Акция"
"unavailable","غير متاح حاليًا","Currently unavailable","Нет в наличии"
"no_results","لا توجد نتائج","No results found","Ничего не найдено"
"order_whatsapp","اطلب على واتساب","Order on WhatsApp","Заказать в WhatsApp"
"call_us","اتصل بنا","Call us","Позвонить"
"story_title","قصتنا","Our Story","Наша история"
"story_body","بدأت الفائدة وجودها في السوق منذ 2023 بوصفات مستوحاة من المطبخ الروسي. واليوم نصنع منتجاتنا في مصر بأيدي شيفات روس، لنقدّم نكهة أصيلة تليق بالمائدة المصرية.","Al-Faida has been on the market since 2023, built on Russian culinary recipes. Today we craft our products in Egypt, made by Russian chefs, bringing authentic flavor to the Egyptian table.","«Фаида» на рынке с 2023 года. Мы готовим по русским рецептам в Египте, а наши мастера — русские шеф-повара. Подлинный вкус — на египетском столе."
"brand_formula","إرث روسي + سوق مصري = الفائدة","Russian Heritage + Egyptian Market = Al-Faida","Русское наследие + египетский рынок = «Фаида»"
"why_title","لماذا الفائدة؟","Why Al-Faida?","Почему «Фаида»?"
"why_1","وصفات روسية أصيلة","Authentic Russian recipes","Подлинные русские рецепты"
"why_2","يصنعها شيفات روس","Made by Russian chefs","Готовят русские шеф-повара"
"why_3","طبيعي 100% وبدون صويا","100% natural, soy-free","100% натурально, без сои"
"why_4","منتجات حلال","Halal products","Продукция халяль"
"why_5","تدخين بطيء بأخشاب طبيعية","Slow-smoked over natural wood","Медленное копчение на натуральной древесине"
"occasions_title","لكل مناسبة","For Every Occasion","На любой случай"
"occ_breakfast","الإفطار والبرانش","Breakfast & Brunch","Завтрак и бранч"
"occ_breakfast_txt","ابدأ يومك بسندوتش أو طبق لحوم باردة فاخر.","Start your day with a premium cold-cut breakfast.","Начните день с изысканного мясного завтрака."
"occ_lunchbox","اللنش بوكس والسندوتشات","Lunch Boxes & Sandwiches","Ланч-боксы и сэндвичи"
"occ_lunchbox_txt","اختيار عملي وعالي الجودة للشغل والمدرسة.","Practical, high-quality picks for work and school.","Практичный выбор для работы и школы."
"occ_hosting","السفرة والعزومات","Family Table & Hosting","Семейный стол и гости"
"occ_hosting_txt","لمّة العيلة والضيوف تبقى أحلى.","Make family gatherings and guests' tables special.","Сделайте встречи с семьёй и гостями особенными."
"occ_board","لوحات الشاركوتري","Charcuterie Boards","Мясные тарелки (шаркутри)"
"occ_board_txt","تنسيق أنيق يبرز جودة المنتجات.","Elegant platters that showcase the products.","Элегантная подача, раскрывающая вкус продуктов."
"occ_cooking","الطبخ المنزلي","Home Cooking","Домашняя кухня"
"occ_cooking_txt","أضف نكهة مدخنة غنية للمكرونة والمخبوزات.","Add rich smoky flavor to pasta and bakes.","Добавьте насыщенный копчёный вкус в пасту и выпечку."
"b2b_title","للمطاعم والفنادق والكافيهات","For Restaurants, Hotels & Cafés","Для ресторанов, отелей и кафе"
"b2b_text","عندك مطعم أو كافيه أو فندق؟ كلمنا للتوريد.","Run a restaurant, café or hotel? Contact us for supply.","У вас ресторан, кафе или отель? Свяжитесь с нами по поставкам."
"b2b_cta","اطلب عرض توريد","Request a supply quote","Запросить предложение"
"location_title","موقعنا","Find Us","Где нас найти"
"hours_title","مواعيد العمل","Opening Hours","Часы работы"
"open_map","افتح الخريطة","Open in Maps","Открыть на карте"
"last_updated","آخر تحديث","Last updated","Обновлено"
"footer_rights","جميع الحقوق محفوظة","All rights reserved","Все права защищены"